{
    "Llama-3.2-1B-Instruct": {
        "BFCL_v3_parallel": {
            "use_stag": {
                "CALL_NUMBER_ERROR": 0.5628140703517588,
                "FUNC_SELECT_ERROR": 0.0,
                "FUNC_NAME_ERROR": 0.0,
                "PARA_KEY_ERROR": 0.0,
                "TYPE_ERROR": 0.0,
                "ENUM_ERROR": 0.0,
                "PARA_VALUE_ERROR": 0.09547738693467336,
                "CORRECT_CALL": 0.3417085427135679
            },
            "no_stag": {
                "CALL_NUMBER_ERROR": 0.542713567839196,
                "FUNC_SELECT_ERROR": 0.0,
                "FUNC_NAME_ERROR": 0.005025125628140704,
                "PARA_KEY_ERROR": 0.005025125628140704,
                "TYPE_ERROR": 0.3316582914572864,
                "ENUM_ERROR": 0.0,
                "PARA_VALUE_ERROR": 0.08542713567839195,
                "CORRECT_CALL": 0.03015075376884417
            },
            "correct_schema_rate": {
                "no_stag": 0.1,
                "use_stag": 1.0
            }
        },
        "BFCL_v3_live_simple": {
            "use_stag": {
                "CALL_NUMBER_ERROR": 0.007782101167315175,
                "FUNC_SELECT_ERROR": 0.0,
                "FUNC_NAME_ERROR": 0.0,
                "PARA_KEY_ERROR": 0.0,
                "TYPE_ERROR": 0.0,
                "ENUM_ERROR": 0.0,
                "PARA_VALUE_ERROR": 0.33852140077821014,
                "CORRECT_CALL": 0.6536964980544747
            },
            "no_stag": {
                "CALL_NUMBER_ERROR": 0.2723735408560311,
                "FUNC_SELECT_ERROR": 0.0,
                "FUNC_NAME_ERROR": 0.08171206225680934,
                "PARA_KEY_ERROR": 0.007782101167315175,
                "TYPE_ERROR": 0.1828793774319066,
                "ENUM_ERROR": 0.0,
                "PARA_VALUE_ERROR": 0.13618677042801555,
                "CORRECT_CALL": 0.31906614785992227
            },
            "correct_schema_rate": {
                "no_stag": 0.47085201793721976,
                "use_stag": 1.0
            }
        },
        "BFCL_v3_live_multiple": {
            "use_stag": {
                "CALL_NUMBER_ERROR": 0.7544031311154599,
                "FUNC_SELECT_ERROR": 0.026418786692759294,
                "FUNC_NAME_ERROR": 0.0,
                "PARA_KEY_ERROR": 0.0,
                "TYPE_ERROR": 0.0,
                "ENUM_ERROR": 0.0,
                "PARA_VALUE_ERROR": 0.08512720156555773,
                "CORRECT_CALL": 0.1340508806262231
            },
            "no_stag": {
                "CALL_NUMBER_ERROR": 0.7563600782778865,
                "FUNC_SELECT_ERROR": 0.02054794520547945,
                "FUNC_NAME_ERROR": 0.0273972602739726,
                "PARA_KEY_ERROR": 0.0019569471624266144,
                "TYPE_ERROR": 0.05283757338551859,
                "ENUM_ERROR": 0.0,
                "PARA_VALUE_ERROR": 0.06653620352250489,
                "CORRECT_CALL": 0.07436399217221132
            },
            "correct_schema_rate": {
                "no_stag": 0.3357142857142857,
                "use_stag": 1.0
            }
        }
    },
    "Llama-3.1-8B-Instruct": {
        "BFCL_v3_parallel": {
            "use_stag": {
                "CALL_NUMBER_ERROR": 0.07035175879396985,
                "FUNC_SELECT_ERROR": 0.0,
                "FUNC_NAME_ERROR": 0.0,
                "PARA_KEY_ERROR": 0.0,
                "TYPE_ERROR": 0.0,
                "ENUM_ERROR": 0.0,
                "PARA_VALUE_ERROR": 0.05025125628140704,
                "CORRECT_CALL": 0.8793969849246231
            },
            "no_stag": {
                "CALL_NUMBER_ERROR": 0.07537688442211055,
                "FUNC_SELECT_ERROR": 0.0,
                "FUNC_NAME_ERROR": 0.005025125628140704,
                "PARA_KEY_ERROR": 0.0,
                "TYPE_ERROR": 0.1306532663316583,
                "ENUM_ERROR": 0.0,
                "PARA_VALUE_ERROR": 0.21105527638190955,
                "CORRECT_CALL": 0.5778894472361809
            },
            "correct_schema_rate": {
                "no_stag": 0.6899641577060932,
                "use_stag": 1.0
            }
        },
        "BFCL_v3_live_simple": {
            "use_stag": {
                "CALL_NUMBER_ERROR": 0.0,
                "FUNC_SELECT_ERROR": 0.0,
                "FUNC_NAME_ERROR": 0.0,
                "PARA_KEY_ERROR": 0.0,
                "TYPE_ERROR": 0.0,
                "ENUM_ERROR": 0.0,
                "PARA_VALUE_ERROR": 0.23346303501945526,
                "CORRECT_CALL": 0.7665369649805447
            },
            "no_stag": {
                "CALL_NUMBER_ERROR": 0.023346303501945526,
                "FUNC_SELECT_ERROR": 0.0,
                "FUNC_NAME_ERROR": 0.0038910505836575876,
                "PARA_KEY_ERROR": 0.0038910505836575876,
                "TYPE_ERROR": 0.14785992217898833,
                "ENUM_ERROR": 0.0,
                "PARA_VALUE_ERROR": 0.19455252918287938,
                "CORRECT_CALL": 0.6264591439688716
            },
            "correct_schema_rate": {
                "no_stag": 0.796812749003984,
                "use_stag": 1.0
            }
        },
        "BFCL_v3_live_multiple": {
            "use_stag": {
                "CALL_NUMBER_ERROR": 0.021526418786692758,
                "FUNC_SELECT_ERROR": 0.030332681017612523,
                "FUNC_NAME_ERROR": 0.0,
                "PARA_KEY_ERROR": 0.0,
                "TYPE_ERROR": 0.0,
                "ENUM_ERROR": 0.0,
                "PARA_VALUE_ERROR": 0.18590998043052837,
                "CORRECT_CALL": 0.7622309197651662
            },
            "no_stag": {
                "CALL_NUMBER_ERROR": 0.03131115459882583,
                "FUNC_SELECT_ERROR": 0.030332681017612523,
                "FUNC_NAME_ERROR": 0.0009784735812133072,
                "PARA_KEY_ERROR": 0.0009784735812133072,
                "TYPE_ERROR": 0.14579256360078277,
                "ENUM_ERROR": 0.0,
                "PARA_VALUE_ERROR": 0.14285714285714285,
                "CORRECT_CALL": 0.6477495107632094
            },
            "correct_schema_rate": {
                "no_stag": 0.76007866273353,
                "use_stag": 1.0
            }
        }
    },
    "Qwen3-32B": {
        "BFCL_v3_parallel": {
            "use_stag": {
                "CALL_NUMBER_ERROR": 0.08040201005025126,
                "FUNC_SELECT_ERROR": 0.0,
                "FUNC_NAME_ERROR": 0.0,
                "PARA_KEY_ERROR": 0.0,
                "TYPE_ERROR": 0.0,
                "ENUM_ERROR": 0.0,
                "PARA_VALUE_ERROR": 0.02512562814070352,
                "CORRECT_CALL": 0.8944723618090452
            },
            "no_stag": {
                "CALL_NUMBER_ERROR": 0.08040201005025126,
                "FUNC_SELECT_ERROR": 0.0,
                "FUNC_NAME_ERROR": 0.0,
                "PARA_KEY_ERROR": 0.0,
                "TYPE_ERROR": 0.0,
                "ENUM_ERROR": 0.0,
                "PARA_VALUE_ERROR": 0.04020100502512563,
                "CORRECT_CALL": 0.8793969849246231
            },
            "correct_schema_rate": {
                "no_stag": 1.0,
                "use_stag": 1.0
            }
        },
        "BFCL_v3_live_simple": {
            "use_stag": {
                "CALL_NUMBER_ERROR": 0.038910505836575876,
                "FUNC_SELECT_ERROR": 0.0,
                "FUNC_NAME_ERROR": 0.0,
                "PARA_KEY_ERROR": 0.0,
                "TYPE_ERROR": 0.0,
                "ENUM_ERROR": 0.0,
                "PARA_VALUE_ERROR": 0.09727626459143969,
                "CORRECT_CALL": 0.8638132295719845
            },
            "no_stag": {
                "CALL_NUMBER_ERROR": 0.038910505836575876,
                "FUNC_SELECT_ERROR": 0.0,
                "FUNC_NAME_ERROR": 0.0,
                "PARA_KEY_ERROR": 0.007782101167315175,
                "TYPE_ERROR": 0.0038910505836575876,
                "ENUM_ERROR": 0.0,
                "PARA_VALUE_ERROR": 0.10116731517509728,