{
    "Llama-3.2-1B-Instruct": {
        "BFCL_v3_live_multiple": {
            "use_stag": {
                "exec_feature.num_concurrent_requests": 128,
                "end_to_end_latency_s.quantiles.p25": 1.2565510183339939,
                "end_to_end_latency_s.quantiles.p50": 1.9852954973466694,
                "end_to_end_latency_s.quantiles.p75": 2.5636292283888906,
                "end_to_end_latency_s.quantiles.p90": 3.2676171383354813,
                "end_to_end_latency_s.quantiles.p95": 4.155285545834333,
                "end_to_end_latency_s.quantiles.p99": 5.260605648611672,
                "end_to_end_latency_s.mean": 2.0763407568358763,
                "end_to_end_latency_s.min": 0.40071524772793055,
                "end_to_end_latency_s.max": 5.773440396878868,
                "end_to_end_latency_s.stddev": 1.0233086273074223,
                "input_tokens.quantiles.p25": 15.0,
                "input_tokens.quantiles.p50": 22.0,
                "input_tokens.quantiles.p75": 31.0,
                "input_tokens.quantiles.p90": 41.0,
                "input_tokens.quantiles.p95": 51.0,
                "input_tokens.quantiles.p99": 103.43000000000006,
                "input_tokens.mean": 26.734790874524716,
                "input_tokens.min": 2,
                "input_tokens.max": 935,
                "input_tokens.stddev": 38.94741394436055,
                "output_tokens.quantiles.p25": 118.0,
                "output_tokens.quantiles.p50": 294.0,
                "output_tokens.quantiles.p75": 431.25,
                "output_tokens.quantiles.p90": 626.8,
                "output_tokens.quantiles.p95": 1023.0,
                "output_tokens.quantiles.p99": 1024.0,
                "output_tokens.mean": 326.4096958174905,
                "output_tokens.min": 6,
                "output_tokens.max": 1024,
                "output_tokens.stddev": 249.95560485186695,
                "inter_token_latency_s.quantiles.p25": 0.0059018521479378165,
                "inter_token_latency_s.quantiles.p50": 0.006712130588680356,
                "inter_token_latency_s.quantiles.p75": 0.010586140288953456,
                "inter_token_latency_s.quantiles.p90": 0.018869193289731818,
                "inter_token_latency_s.quantiles.p95": 0.02879636002532564,
                "inter_token_latency_s.quantiles.p99": 0.04765545374741233,
                "inter_token_latency_s.mean": 0.010134589031334252,
                "inter_token_latency_s.min": 0.0019549984931472864,
                "inter_token_latency_s.max": 0.08756386251188815,
                "inter_token_latency_s.stddev": 0.009203536188479085,
                "time_per_output_token_s.quantiles.p25": 0.0036847144245910337,
                "time_per_output_token_s.quantiles.p50": 0.0042935315895945465,
                "time_per_output_token_s.quantiles.p75": 0.004786119235090943,
                "time_per_output_token_s.quantiles.p90": 0.005499553364361558,
                "time_per_output_token_s.quantiles.p95": 0.007213588948239904,
                "time_per_output_token_s.quantiles.p99": 0.01038639641935465,
                "time_per_output_token_s.mean": 0.004412961214645809,
                "time_per_output_token_s.min": 0.001453056972583427,
                "time_per_output_token_s.max": 0.019144111157705385,
                "time_per_output_token_s.stddev": 0.0015891166146751769,
                "time_to_first_token_s.quantiles.p25": 0.6177598750218749,
                "time_to_first_token_s.quantiles.p50": 0.7245113980025053,
                "time_to_first_token_s.quantiles.p75": 0.8288010127143934,
                "time_to_first_token_s.quantiles.p90": 0.9666078893933444,
                "time_to_first_token_s.quantiles.p95": 1.0686055228812619,
                "time_to_first_token_s.quantiles.p99": 1.1150676028616726,
                "time_to_first_token_s.mean": 0.7258437237168481,
                "time_to_first_token_s.min": 0.22736493311822414,
                "time_to_first_token_s.max": 1.3717308384366333,
                "time_to_first_token_s.stddev": 0.17495814442212962,
                "num_gpus": 1,
                "duration": 18.345109248068184,
                "num_total_requests": 1052,
                "num_completed_requests": 1052,
                "request_throughput": 57.344984201213194,
                "total_input_tokens": 28125,
                "total_output_tokens": 343383,
                "input_token_throughput": 1533.1061603223584,
                "input_token_throughput_per_gpu": 1533.1061603223584,
                "output_token_throughput": 18717.958849776795,
                "output_token_throughput_per_gpu": 18717.958849776795
            },
            "no_stag": {
                "exec_feature.num_concurrent_requests": 128,
                "end_to_end_latency_s.quantiles.p25": 1.2553752892417833,
                "end_to_end_latency_s.quantiles.p50": 1.9572367370128632,
                "end_to_end_latency_s.quantiles.p75": 2.4984473385848105,
                "end_to_end_latency_s.quantiles.p90": 3.240908127231523,
                "end_to_end_latency_s.quantiles.p95": 4.03269310472533,
                "end_to_end_latency_s.quantiles.p99": 4.950645742220805,
                "end_to_end_latency_s.mean": 2.022504078077344,
                "end_to_end_latency_s.min": 0.2533880388364196,
                "end_to_end_latency_s.max": 5.927254387177527,
                "end_to_end_latency_s.stddev": 1.0018018810998803,
                "input_tokens.quantiles.p25": 15.0,
                "input_tokens.quantiles.p50": 22.0,
                "input_tokens.quantiles.p75": 31.0,
                "input_tokens.quantiles.p90": 41.0,
                "input_tokens.quantiles.p95": 51.0,
                "input_tokens.quantiles.p99": 103.43000000000006,
                "input_tokens.mean": 26.734790874524716,
                "input_tokens.min": 2,
                "input_tokens.max": 935,
                "input_tokens.stddev": 38.94741394436054,
                "output_tokens.quantiles.p25": 125.75,
                "output_tokens.quantiles.p50": 296.0,
                "output_tokens.quantiles.p75": 433.25,
                "output_tokens.quantiles.p90": 627.9999999999998,
                "output_tokens.quantiles.p95": 992.749999999999,
                "output_tokens.quantiles.p99": 1024.0,
                "output_tokens.mean": 325.8279467680608,
                "output_tokens.min": 6,
                "output_tokens.max": 1024,
                "output_tokens.stddev": 244.5213772997761,
                "inter_token_latency_s.quantiles.p25": 0.005705837630515234,
                "inter_token_latency_s.quantiles.p50": 0.006706012424372755,
                "inter_token_latency_s.quantiles.p75": 0.009561824809086671,
                "inter_token_latency_s.quantiles.p90": 0.01632812255599464,
                "inter_token_latency_s.quantiles.p95": 0.025559686722699548,
                "inter_token_latency_s.quantiles.p99": 0.04127223964129013,
                "inter_token_latency_s.mean": 0.009508490688809929,
                "inter_token_latency_s.min": 0.001703019955130003,
                "inter_token_latency_s.max": 0.09179373199327125,
                "inter_token_latency_s.stddev": 0.008192934415191104,
                "time_per_output_token_s.quantiles.p25": 0.0035655514130776746,
                "time_per_output_token_s.quantiles.p50": 0.00392052415705119,
                "time_per_output_token_s.quantiles.p75": 0.004948691675124956,
                "time_per_output_token_s.quantiles.p90": 0.005370078632257295,
                "time_per_output_token_s.quantiles.p95": 0.005635404301561449,
                "time_per_output_token_s.quantiles.p99": 0.006248515301305633,
                "time_per_output_token_s.mean": 0.004143089902092335,
                "time_per_output_token_s.min": 0.0012796458853572084,
                "time_per_output_token_s.max": 0.012238784091702351,